Sequence,Position,WT,Mutant,Secondary_Structure,Location,Predicted_Mechanism,Risk_Level
Seq-1,222,E,Q,Loop/turn,Surface,发色团微环境稳定（消除去质子化）,Low
Seq-2,149,N,K,β-strand (142-150),Interior,表面盐桥增强β-barrel刚性,Low
Seq-2,222,E,Q,Loop/turn,Surface,发色团微环境稳定（消除去质子化）,Low
Seq-3,149,N,K,β-strand (142-150),Interior,表面盐桥增强β-barrel刚性,Medium
Seq-3,183,Q,R,Loop/turn,Surface,内部空腔填充+氢键供体,Medium
Seq-3,222,E,Q,Loop/turn,Surface,发色团微环境稳定（消除去质子化）,Medium
Seq-4,149,N,K,β-strand (142-150),Interior,表面盐桥增强β-barrel刚性,High
Seq-4,183,Q,R,Loop/turn,Surface,内部空腔填充+氢键供体,High
Seq-4,218,M,V,Loop/turn,Surface,C端疏水锚定减少柔性,High
Seq-4,222,E,Q,Loop/turn,Surface,发色团微环境稳定（消除去质子化）,High
Seq-5,14,I,K,β-strand (10-18),Surface,表面电荷翻转增强CFPS溶解度,High
Seq-5,47,I,K,Loop/turn,Surface,表面电荷翻转增强CFPS溶解度,High
Seq-5,173,D,K,Loop/turn,Surface,表面电荷翻转增强CFPS溶解度,High
Seq-5,222,E,Q,Loop/turn,Surface,发色团微环境稳定（消除去质子化）,High
Seq-6,149,N,K,β-strand (142-150),Interior,表面盐桥增强β-barrel刚性,High
Seq-6,183,Q,R,Loop/turn,Surface,内部空腔填充+氢键供体,High
Seq-6,195,L,A,β-strand (190-198),Surface,loop区疏水→亲水减少热碰撞,High
Seq-6,222,E,Q,Loop/turn,Surface,发色团微环境稳定（消除去质子化）,High
Seq-6,231,H,V,Loop/turn,Surface,C端尾部疏水锚定,High
