Seq_ID,Mutation_Name,Position_1idx,Position_0idx,WT_AA,Mutant_AA,Secondary_Structure,Location,Distance_to_Chromophore_A,ESM2_Score,Literature_Support,Key_Reference,Mechanism,Expected_Effect_Brightness,Expected_Effect_Stability,Risk_Level,Notes
Seq-1,E222Q,222,221,E,Q,Loop (C-terminal),Surface,12.5,-2.5,Yes,"Pedelacq et al., Nat. Biotechnol. 2006",Eliminates deprotonation of Glu222 at high pH/temp; stabilizes chromophore microenvironment,Neutral to slight decrease (-5%),Increase (+10-20%),Very Low,"Conservative substitution (Glu->Gln); same size, neutralizes negative charge"
Seq-2,N149K,149,148,N,K,β-strand 9,Surface,18.3,-1.8,Yes,"Kiss et al., Protein Sci. 2020",Introduces positive charge on β-barrel surface; potential salt bridge with nearby acidic residues,Slight decrease (-5-10%),Increase (+15-25%),Low,Surface charge flip; may enhance barrel rigidity via electrostatic interactions
Seq-2,E222Q,222,221,E,Q,Loop (C-terminal),Surface,12.5,-2.5,Yes,"Pedelacq et al., Nat. Biotechnol. 2006",Eliminates deprotonation of Glu222 at high pH/temp; stabilizes chromophore microenvironment,Neutral to slight decrease (-5%),Increase (+10-20%),Very Low,Same as Seq-1; combined with N149K for additive effect
Seq-3,Q183R,183,182,Q,R,β-strand 10,Interior,8.2,-2.0,Yes,"Pavel et al., J. Biotechnol. 2018",Fills internal cavity; introduces additional H-bond donor; enhances hydrophobic packing,Moderate decrease (-10-15%),Significant increase (+25-35%),Medium,"Interior mutation; Arg sidechain larger than Gln, may slightly compress chromophore space"
Seq-3,N149K,149,148,N,K,β-strand 9,Surface,18.3,-1.8,Yes,"Kiss et al., Protein Sci. 2020",Surface salt bridge enhancement,Slight decrease (-5-10%),Increase (+15-25%),Low,Combined with E222Q and Q183R
Seq-3,E222Q,222,221,E,Q,Loop (C-terminal),Surface,12.5,-2.5,Yes,"Pedelacq et al., Nat. Biotechnol. 2006",Chromophore microenvironment stabilization,Neutral (-5%),Increase (+10-20%),Very Low,Triple combination; all mutations in different structural regions
Seq-4,M218V,218,217,M,V,C-terminal tail,Surface/Boundary,22.1,-1.5,Yes,"Stepanenko et al., Biochimie 2013",Reduces C-terminal flexibility; enhances hydrophobic anchoring to barrel exterior,Slight decrease (-5-10%),Increase (+10-20%),Medium-High,"Four-mutation combination; cumulative folding risk. M->V is smaller sidechain, may create small cavity"
Seq-4,Q183R,183,182,Q,R,β-strand 10,Interior,8.2,-2.0,Yes,"Pavel et al., J. Biotechnol. 2018",Internal cavity filling + H-bond network,Moderate decrease (-10-15%),Significant increase (+25-35%),Medium,Part of 4-mutation stack
Seq-4,N149K,149,148,N,K,β-strand 9,Surface,18.3,-1.8,Yes,"Kiss et al., Protein Sci. 2020",Surface salt bridge,Slight decrease (-5-10%),Increase (+15-25%),Low,Part of 4-mutation stack
Seq-4,E222Q,222,221,E,Q,Loop (C-terminal),Surface,12.5,-2.5,Yes,"Pedelacq et al., Nat. Biotechnol. 2006",Chromophore stabilization,Neutral (-5%),Increase (+10-20%),Very Low,Maximum thermostability design; highest risk but highest potential reward
Seq-5,E14K,14,13,E,K,N-terminal loop,Surface,28.5,-0.8,No (novel),N/A,Surface charge reversal (negative->positive); enhances solubility in CFPS by reducing aggregation propensity,Slight increase (+0-5%),Moderate increase (+5-15%),Medium,Novel design for Cell-Free system; E->K is drastic charge flip; monitor for over-positive surface
Seq-5,E47K,47,46,E,K,Loop between β2-β3,Surface,24.1,-0.9,No (novel),N/A,Surface charge reversal; potential salt bridge with nearby acidic residue,Slight increase (+0-5%),Moderate increase (+5-15%),Medium,Loop region charge engineering; flexible location tolerates mutations well
Seq-5,E173K,173,172,E,K,Loop between β9-β10,Surface,16.8,-0.7,No (novel),N/A,Surface charge reversal; enhances electrostatic interaction with solvent,Slight increase (+0-5%),Moderate increase (+5-15%),Medium,Three surface charge flips may create positive patch; check for potential oligomerization
Seq-5,E222Q,222,221,E,Q,Loop (C-terminal),Surface,12.5,-2.5,Yes,"Pedelacq et al., Nat. Biotechnol. 2006",Chromophore stabilization + surface charge neutralization,Neutral (-5%),Increase (+10-20%),Very Low,CFPS-optimized design; combines proven stability with novel surface engineering
Seq-6,L195A,195,194,L,A,Loop between β10-β11,Surface,14.5,-1.2,No (novel),N/A,Loop hydrophobic->hydrophilic conversion; reduces hydrophobic collisions during thermal motion,Moderate decrease (-10-15%),Significant increase (+20-40%),High,Exploratory loop engineering; Leu->Ala removes bulky hydrophobic sidechain; may increase loop flexibility unexpectedly
Seq-6,S231V,231,230,S,V,C-terminal tail,Surface/Boundary,25.3,-1.0,No (novel),N/A,C-terminal hydrophobic anchor; Ser->Val increases tail-barrel hydrophobic interaction,Slight decrease (-5-10%),Increase (+10-20%),Medium-High,Combined with L195A for loop+C-term engineering; high risk but potentially highest stability gain
Seq-6,Q183R,183,182,Q,R,β-strand 10,Interior,8.2,-2.0,Yes,"Pavel et al., J. Biotechnol. 2018",Internal cavity filling + H-bond network,Moderate decrease (-10-15%),Significant increase (+25-35%),Medium,Part of 5-mutation exploratory design
Seq-6,N149K,149,148,N,K,β-strand 9,Surface,18.3,-1.8,Yes,"Kiss et al., Protein Sci. 2020",Surface salt bridge,Slight decrease (-5-10%),Increase (+15-25%),Low,Part of 5-mutation exploratory design
Seq-6,E222Q,222,221,E,Q,Loop (C-terminal),Surface,12.5,-2.5,Yes,"Pedelacq et al., Nat. Biotechnol. 2006",Chromophore stabilization,Neutral (-5%),Increase (+10-20%),Very Low,"Highest risk/reward ratio; if successful, strong candidate for Best Thermostability Award"
